stdId,stdUsername,totalSessions,totalSessionTime,avgSessionTime,maxSessionTime,minSessionTime,totalEnrollments,totalActivities,totalAnnotations,totalPdfAnnotations,noteTypeAnnotationsOnPdf,questionTypeAnnotationsOnPdf,externalResourceTypeAnnotationsOnPdf,noteTypeCommentsOnPdf,questionTypeCommentsOnPdf,externalResourceTypeCommentsOnPdf,highlightToolOnPdf,pinpointToolOnPdf,drawToolOnPdf,totalVideoAnnotations,noteTypeAnnotationsOnVid,questionTypeAnnotationsOnVid,externalResourceTypeAnnotationsOnVid,noteTypeCommentsOnVid,questionTypeCommentsOnVid,externalResourceTypeCommentsOnVid,highlightToolOnVid,pinpointToolOnVid,drawToolOnVid,totalLikesOnAnnotations,likesOnNoteTypeAnnotations,likesOnQuestionTypeAnnotations,likesOnExternalResourceTypeAnnotations,likesOnNoteTypeComments,likesOnQuestionTypeComments,likesOnExternalResourceTypeComments,likesOnRepliesOfAnnotations,totalDislikes,dislikesOnNoteTypeAnnotations,dislikesOnQuestionTypeAnnotations,dislikesOnExternalResourceTypeAnnotations,dislikesOnNoteTypeComments,dislikesOnQuestionTypeComments,dislikesExternalResourceTypeComments,dislikesOnRepliesOfAnnotations,totalAccesses,courseAccesses,topicAccesses,channelAccesses,pdfAccess,videoAccess,videosStarted,videosCompleted,videosPlayed,videosPauses,timeSpentOnVideos,pdfStarted,pdfCompleted,slidesViewed
1,alie,4,0,0,0,0,4,12,0,0,0,0,0,0,0,0,0,0,0,0,0,0,0,0,0,0,0,0,0,0,0,0,0,0,0,0,0,0,0,0,0,0,0,0,0,3,0,0,3,0,0,0,0,0,0,0,0,0,0
2,qw12,2,0,0,0,0,0,5,0,0,0,0,0,0,0,0,0,0,0,0,0,0,0,0,0,0,0,0,0,0,0,0,0,0,0,0,0,0,0,0,0,0,0,0,0,0,0,0,0,0,0,0,0,0,0,0,0,0,0
3,soquainn,81,0,0,0,0,3,927,57,37,21,11,5,14,6,4,10,1,2,20,11,9,0,4,2,0,0,0,0,10,4,2,0,3,1,0,5,0,0,0,0,0,0,0,0,466,0,0,466,0,0,0,0,0,0,0,40,6,40
4,ahmed1,0,0,0,0,0,0,1,0,0,0,0,0,0,0,0,0,0,0,0,0,0,0,0,0,0,0,0,0,0,0,0,0,0,0,0,0,0,0,0,0,0,0,0,0,0,0,0,0,0,0,0,0,0,0,0,0,0,0
5,6400f982f7e1c4b82999b526,1,0,0,0,0,0,90,4,3,2,1,0,0,1,0,1,0,1,1,0,1,0,0,1,0,0,0,0,1,0,1,0,0,1,0,0,0,0,0,0,0,0,0,0,58,0,0,58,0,0,1,1,0,0,0,9,1,19
6,student,1,0,0,0,0,0,5,0,0,0,0,0,0,0,0,0,0,0,0,0,0,0,0,0,0,0,0,0,0,0,0,0,0,0,0,0,0,0,0,0,0,0,0,0,0,0,0,0,0,0,0,0,0,0,0,0,0,0
7,four4,1,0,0,0,0,0,3,0,0,0,0,0,0,0,0,0,0,0,0,0,0,0,0,0,0,0,0,0,0,0,0,0,0,0,0,0,0,0,0,0,0,0,0,0,0,0,0,0,0,0,0,0,0,0,0,0,0,0
8,admin,3,0,0,0,0,0,12,0,0,0,0,0,0,0,0,0,0,0,0,0,0,0,0,0,0,0,0,0,0,0,0,0,0,0,0,0,0,0,0,0,0,0,0,0,0,0,0,0,0,0,0,0,0,0,0,0,0,0
9,quratulain,73,0,0,0,0,12,640,35,21,16,3,2,13,3,2,2,0,1,14,9,2,3,3,0,2,0,0,0,6,4,1,0,3,0,0,2,0,0,0,0,0,0,0,0,321,0,0,321,0,0,1,0,0,25,9714,17,0,17
10,esrer23,0,0,0,0,0,0,1,0,0,0,0,0,0,0,0,0,0,0,0,0,0,0,0,0,0,0,0,0,0,0,0,0,0,0,0,0,0,0,0,0,0,0,0,0,0,0,0,0,0,0,0,0,0,0,0,0,0,0
11,five5,1,0,0,0,0,0,3,0,0,0,0,0,0,0,0,0,0,0,0,0,0,0,0,0,0,0,0,0,0,0,0,0,0,0,0,0,0,0,0,0,0,0,0,0,0,0,0,0,0,0,0,0,0,0,0,0,0,0
12,abcnew,1,0,0,0,0,2,7,0,0,0,0,0,0,0,0,0,0,0,0,0,0,0,0,0,0,0,0,0,0,0,0,0,0,0,0,0,0,0,0,0,0,0,0,0,0,0,0,0,0,0,0,0,0,0,0,0,0,0
13,mdawar,12,0,0,0,0,2,68,5,5,4,1,0,3,0,0,2,0,0,0,0,0,0,0,0,0,0,0,0,0,0,0,0,0,0,0,0,0,0,0,0,0,0,0,0,28,2,0,26,0,0,0,0,0,0,0,0,0,0
14,Baohui,5,0,0,0,0,0,9,0,0,0,0,0,0,0,0,0,0,0,0,0,0,0,0,0,0,0,0,0,0,0,0,0,0,0,0,0,0,0,0,0,0,0,0,0,0,0,0,0,0,0,0,0,0,0,0,0,0,0
15,aali,15,0,0,0,0,3,164,10,10,3,5,2,2,4,2,0,1,1,0,0,0,0,0,0,0,0,0,0,4,2,2,0,1,2,0,1,0,0,0,0,0,0,0,0,90,0,0,90,0,0,0,0,0,0,0,0,0,0
